5xlmmr-cerita-nyata-kehidupan-seorang-pelajar-1785373571,[5XLMMR] Cerita Nyata Kehidupan Seorang Pelajar,https://cdn.aceimg.com/258djMl9L.jpg,Siap-siap terhibur dengan video terbaru kami! #fyp #viral #trending,5XlmMRVc1,5XLMMR
a0tt2j-momen-tak-terduga-saat-jam-pelajaran-1785373635,[A0TT2J] Momen Tak Terduga Saat Jam Pelajaran,https://cdn.aceimg.com/ZBYudimeD.jpg,Panas! Video trending hari ini; tonton sekarang. #fyp #viral #trending,a0tt2jSA1,A0TT2J
hannfo-anak-sekolah-yang-sukses-berkat-kerja-keras-1785373784,[HANNFO] Anak Sekolah yang Sukses Berkat Kerja Keras,https://cdn.aceimg.com/74KiC8pN7.jpg,Panas! Video trending hari ini; tonton sekarang. #fyp #viral #trending,HaNnFop51,HANNFO
yyapfi-guru-bangga-dengan-prestasi-muridnya-1785373827,[YYAPFI] Guru Bangga dengan Prestasi Muridnya,https://cdn.aceimg.com/2LH4BmE0l.jpg,Jangan lewatkan keseruan ini! Update setiap hari. #fyp #viral #trending,yyapFieh1,YYAPFI
zqmj7u-perbedaan-anak-sekolah-dulu-dan-sekarang-1785373886,[ZQMJ7U] Perbedaan Anak Sekolah Dulu dan Sekarang,https://cdn.aceimg.com/5eknefRx9.jpg,Panas! Video trending hari ini; tonton sekarang. #fyp #viral #trending,zqmj7uz11,ZQMJ7U
gur1eo-anak-sekolah-yang-selalu-punya-ide-kreatif-1785374137,[GUR1EO] Anak Sekolah yang Selalu Punya Ide Kreatif,https://cdn.aceimg.com/aXYrHDVFI.jpg,Saksikan keseruannya di sini; update terus setiap harinya! #fyp #viral #trending,GUR1EoKm1,GUR1EO
qstt3f-momen-paling-seru-saat-class-meeting-1785374231,[QSTT3F] Momen Paling Seru Saat Class Meeting,https://cdn.aceimg.com/oazx6V8xt.jpg,Konten paling dicari saat ini! Tonton sampai habis. #fyp #viral #trending,qSTt3f451,QSTT3F
8cyzfj-kisah-haru-anak-sekolah-yang-menginspirasi-1785374346,[8CYZFJ] Kisah Haru Anak Sekolah yang Menginspirasi,https://cdn.aceimg.com/ivzs59ftz.jpg,Siap-siap terhibur dengan video terbaru kami! #fyp #viral #trending,8CyzFjlb1,8CYZFJ
oszkot-anak-sekolah-yang-berhasil-menjadi-juara-1785374572,[OSZKOT] Anak Sekolah yang Berhasil Menjadi Juara,https://cdn.aceimg.com/iQL9ZgCuN.jpg,Konten paling dicari saat ini! Tonton sampai habis. #fyp #viral #trending,osZkOtPV1,OSZKOT
x65lau-momen-lucu-saat-praktik-di-laboratorium-1785374636,[X65LAU] Momen Lucu Saat Praktik di Laboratorium,https://cdn.aceimg.com/AIuoLAg7G.jpg,Update harian spesial untuk kamu! Jangan sampai ketinggalan. #fyp #viral #trending,X65lAUrB1,X65LAU
uivww0-hal-yang-membuat-masa-sekolah-selalu-dirindukan-1785374729,[UIVWW0] Hal yang Membuat Masa Sekolah Selalu Dirindukan,https://cdn.aceimg.com/qtl0Fhxp8.jpg,Konten paling dicari saat ini! Tonton sampai habis. #fyp #viral #trending,uIvwW0ms1,UIVWW0
y5qs7u-anak-sekolah-yang-berani-mengejar-cita-cita-1785374817,[Y5QS7U] Anak Sekolah yang Berani Mengejar Cita-Cita,https://cdn.aceimg.com/5mMkMYTTJ.jpg,Koleksi eksklusif; cek videonya sekarang! #fyp #viral #trending,Y5Qs7UOg1,Y5QS7U
w51mvh-cerita-guru-yang-mengubah-hidup-muridnya-1785374887,[W51MVH] Cerita Guru yang Mengubah Hidup Muridnya,https://cdn.aceimg.com/iF6Zy7Pwi.jpg,Saksikan keseruannya di sini; update terus setiap harinya! #fyp #viral #trending,w51mvHC61,W51MVH
kquo1g-momen-tak-terlupakan-saat-pentas-seni-1785374963,[KQUO1G] Momen Tak Terlupakan Saat Pentas Seni,https://cdn.aceimg.com/gdTiauqXe.jpg,Gak perlu cari lagi; ini dia yang kamu tunggu! #fyp #viral #trending,KQUO1GTS1,KQUO1G
